contrato,linea,actualLargo,nuevoCorto,colorOperativo
XG883,1,Camposancos-Tabagón-Goian-Torrón-Tui-Porriño-Vigo E.I.-Hospital Álvaro,1A,#e73640
XG883,2,Camposancos-Tabagón-Goian-Torrón-Tui-Porriño-Vigo E.I.,1A,#e73640
XG883,3,A Guarda-Tabagón-Goian-Torrón-Tui-Porriño-Hospital Álvaro Cunqueiro,1A,#e73640
XG883,4,A Guarda-Tabagón-Goian-Torrón-Tui-Porriño-Vigo E.I.,1A,#e73640
XG883,5,A Guarda-Tabagón-Eiras-Goian-Torrón-Tui-Porriño-Hospital Álvaro Cunqueiro,1D,#965f56
XG883,6,A Guarda-Tabagón-Eiras-Goian-Torrón-Tui-Porriño-Vigo E.I.,1D,#965f56
XG883,7,A Guarda-Tabagón-Goian-Tomiño-Taborda-Tui-Porriño-Hospital Álvaro,1B,#be1e2d
XG883,8,A Guarda-Tabagón-Goian-Tomiño-Taborda-Tui-Porriño-Vigo E.I.,1B,#be1e2d
XG883,9,A Guarda-Tabagón-Eiras-Goian-Tomiño-Taborda-Tui-Porriño-Vigo E.I.,1B,#be1e2d
XG883,10,A Guarda-Pancenteo-Rosal-Pías-Tabagón-Taborda-Tui-Porriño-Vigo E.I,1C,#6e161d
XG883,11,A Guarda-Pancenteo-Rosal-Pías-Tabagón-Torrón-Tui-Porriño-Hospital Álvaro,1C,#6e161d
XG883,12,Camposancos-A Guarda-Baiona-Ramallosa-Mallon-Nigran-Coruxo-Vigo E.I,2A,#34c0ef
XG883,13,Baiona-Ramallosa-Mallón-Nigrán-Coruxo-Vigo E.I.,2A,#34c0ef
XG883,14,Baiona-Ramallosa-Mallón-Nigrán-Coruxo-Vigo E.I.,2A,#34c0ef
XG883,15,A Guarda-Baiona,2A,#34c0ef
XG883,16,A Guarda-Rosal-Pías-A Guarda-Baiona-Ramallosa-Mallón-Nigrán-Coruxo-Vigo E.,2A,#34c0ef
XG883,17,A Guarda-Pancenteo-Rosal-Pías-A Guarda,5,#f492bc
XG883,18,Salceda-Bouza Panda-Empalme Casal (Budiño)-A Gándara (Guillarei)-Sobredo-A,7,#8cc63e
XG883,19,Sobredo-A Gándara (Guillarei)-Rúa Ourense,7,#8cc63e
XG883,20,A Guarda-Pancenteo-Rosal-O Morán-San Miguel-Eiras-San Miguel-Pías-A,5,#f492bc
XG883,21,A Guarda-Empalme Camposancos-O Pasaxe-Camposancos,12,#ccd963
XG883,22,Baiona-Ramallosa-Lourido-Panxon-Canido-Vigo E.I,2B,#007dab
XG883,23,Baiona-Ramallosa-Lourido-Panxon-Nigran-Coruxo-Vigo E.I ,2C,#92cedf
XG883,24,Baiona-Sabaris-Belesar-Sabaris-Ramallosa-Nigran-Tarela-San Roque-Chandebrito-Coruxo-Vigo E.I,2E,#6ba1a4
XG883,25,Fornelos-O Rosal-Tomiño-Gondomar-CUVI-Hospital Álvaro Cunqueiro-Povisa,3D,#818285
XG883,26,A Guarda-Oia-Baiona-Nigrán-CUVI-Hospital Álvaro Cunqueiro-Povisa-Vigo E.I.,2F,#00a79e
XG883,27,A Guarda-Oia-Baiona-Nigrán-Hospital Álvaro Cunqueiro-Povisa-Vigo E.I.,2F,#00a79e
XG883,28,Baiona-Ramallosa-Nigrán-Panxón-Nigrán-Coruxo-Vigo E.I,2C,#92cedf
XG883,29,Baredo-Rocamar(Baredo)-Baiona-Ramallosa-Nigrán-Coruxo-Vigo E.I.,2A,#34c0ef
XG883,30,Gondomar E.A.-Ramallosa-Nigrán-Coruxo-Vigo E.I.,3B,#f9a21b
XG883,31,Gondomar E.A.-Ramallosa-Lourido-Panxón-Canido-Vigo E.I.,3A,#fdd302
XG883,32,Chandebrito-Panxón (Pistas Tenis),2E,#6ba1a4
XG883,33,Portavedra-San Cibrán-Sabarís (Isolina),M8,#39b549
XG883,34,Avda. do Baixo Miño-Pinzas,M9,#009344
XG883,35,Baiona-Nigrán-Porto Molle-Gondomar-Baiona,6,#b51782
XG883,36,Baredo-Baiona-Ramallosa-Mallon-Camos-Nigran-Coruxo-Vigo E.I,2D,#163e6c
XG883,37,Baiona-Ramallosa-Mallon-Camos-Nigran-Coruxo-Vigo E.I,2D,#163e6c
XG883,38,Fornelos-Rosal-Tomiño-Couso-Gondomar-Vigo E.I.,3C,#eee484
XG883,39,Tomiño-Couso-Gondomar-Vigo E.I.,3C,#eee484
XG883,40,Gondomar E.A.-Rúa Areal,3C,#eee484
XG883,41,Tomiño-Couso-Morgadáns-Gondomar-Vigo E.I,3C,#eee484
XG883,42,Vigo E.I.-Gondomar E.A.-Morgadáns-Gondomar E.A.-Vigo E.I,3C,#eee484
XG883,44,Ponte Internacional-Malvas-Tui-Mosende-Alto de San Colmado-CUVI-Vigo E.I.,4,#6e309b
XG883,45,A Ramallosa-Gondomar-A Pasaxe-CUVI-Meixoeiro-Vigo E.I.,3E,#fcc578
XG883,64,Baiona-Ramallosa-Playa América-Nigrán-Panxón-Patos-Vigo-Rúa Arenal,N2,#d8dee1
XG883,65,Couso (Remedios)-Peitierios-Morgadáns-Gondomar-Ramallosa-Nigrán-Vigo E.I.,3B,#f9a21b
XG883,70,A Guarda-Oia-Baiona-Nigrán-CUVI-Hospital Álvaro Cunqueiro-Povisa-Vigo E.I.,2F,#00a79e
XG883,73,Avda. de Galicia-Praia América,PLAYA,#509adc
XG883,74,Rúa Ourense-Praia América,PLAYA,#509adc
XG883,75,PO:Nigrán: Chandebrito-Nigrán-Priegue,NIGRAN,#c6bf57
XG881,1,San Pedro de Nós-Teatro Colón,B1,#008DD2
XG881,2,Oleiros (IES Miraflores)-Teatro Colón,B3,#E31E24
XG881,3,Sada hotel Sada Palace-Oleiros-San Pedro de Nós-Teatro Colón,B6,#E31E23
XG881,4,Sada hotel Sada Palace-Santa Cruz-Teatro Colón,B8,#FFDD00
XG881,5,Sada hotel Sada Palace-Betanzos praza,D8,#2B2A29
XG881,6,Betanzos praza-Sada hotel Sada Palace,D8,#2B2A29
XG881,7,Lorbé-Mera-Rialta-Santa Cruz-Teatro Colón,B9,#FFDD00
XG881,8,Concello de Sada-Dexo-Teatro Colón,B12,#FFDD00
XG881,9,Concello de Sada-Teatro Colón,B13,#FFDD00
XG881,10,Concello de Sada-Carnoedo-Teatro Colón,B14,#FFDD00
XG881,12,Hospital Abente y Lago-Aeroporto de A Coruña,A4,#009846
XG881,14,Teatro Colón-Urbanizacion Monte Xalo,A8,#009846
XG881,15,Urbanizacion Monte Xalo-Teatro Colón,A8,#009846
XG881,16,Teatro Colón-A Silva,C1,#009846
XG881,17,Meirama-Ordes,D4,#009846
XG881,18,Teatro Colón-Univers. Laboral-Os Campons,A1,#008DD2
XG881,19,Univers. Laboral-A Cabana-Os Campons-Carral Panteon-Tabeaio,D1,#008DD2
XG881,21,Teatro Colón-Orro-Ledoño-Peiro Canteiro,B17,#009846
XG881,22,Peiro Canteiro-Ledoño-Orro-Teatro Colón,B17,#009846
XG881,23,Teatro Colón-Ledoño-Bregua-Peiro Canteiro,B18,#009846
XG881,24,Peiro Canteiro-Bregua-Ledoño-Teatro Colón,B18,#009846
XG881,26,Soñeiro-Teatro Colón,B4,#E31E23
XG881,27,Pousada 2-Teatro Colón,B5,#E31E23
XG881,31,Sada hotel Sada Palace-Armuño-Pol. Ind. Esp. Santo-Soñeiro-Sada hotel Sada,D9,#2B2A29
XG881,32,Teatro Colón-Santa Cruz-Pousada 4 residencia,B10,#FFDD00
XG881,33,Soñeiro-Franzomel-Santa Cruz-Teatro Colón,B11,#FFDD00
XG881,34,Teatro Colón-Sta. María de Vigo,A6,#009846
XG881,35,Teatro Colón-Tarrio,A9,#009846
XG881,37,Teatro Colón-Cambre-A Patiña,A2,#008DD2
XG881,38,Teatro Colón-A Barcala-Cambre-Lema,A3,#008DD2
XG881,39,Hospital Abente y Lago-Sta. María de Vigo,B16,#009846
XG881,40,Hospital Abente y Lago-Sada hotel Sada Palace,B7,#E31E23
XG881,41,Hospital Abente y Lago-Cambre-A Patiña II,B2,#008DD2
XG881,42,A Barcala-Arteixo (por polígonos),D2,#008DD2
XG881,43,Aeroporto de A Coruña-Aeroporto de A Coruña (Circular por O Burgo),D3,#008DD2
XG881,45,Teatro Colón-Carral Panteon,A7,#009846
XG881,46,Teatro Colón-Parque acuático Cerceda,C2,#009846
XG881,47,Sada hotel Sada Palace-C.saúde Sada-Betanzos praza,D8,#2B2A29
XG881,48,Betanzos praza-C.saúde Sada-Sada hotel Sada Palace,D8,#2B2A29
XG881,49,Teatro Colón-Univers. Laboral-A Barcala-Cambre-A Patiña-Os Campons,A1,#008DD2
XG881,50,Concello de Sada-Aeroporto de A Coruña-UDC (por Polígonos),D6,#2B2A29
XG881,51,Teatro Colón-San Pedro de Nós,B1,#008DD2
XG881,52,Teatro Colón-Oleiros (IES Miraflores),B3,#E31E23
XG881,53,Teatro Colón-San Pedro de Nós-Oleiros-Sada hotel Sada Palace,B6,#E31E23
XG881,54,Teatro Colón-Santa Cruz-Sada hotel Sada Palace,B8,#FFDD00
XG881,55,Teatro Colón-Santa Cruz-Rialta-Mera-Lorbé,B9,#FFDD00
XG881,57,Teatro Colón-Concello de Sada,B13,#FFDD00
XG881,58,Teatro Colón-Carnoedo-Concello de Sada,B14,#FFDD00
XG881,61,A Silva-Teatro Colón,C1,#009846
XG881,62,Os Campons-Univers. Laboral-Teatro Colón,A1,#008DD2
XG881,63,Teatro Colón-Soñeiro,B4,#E31E23
XG881,64,Teatro Colón-Pousada 2,B5,#E31E23
XG881,65,Pousada 4 Residencia-Santa Cruz-Teatro Colón,B10,#FFDD00
XG881,66,Teatro Colón-Santa Cruz-Franzomel-Soñeiro,B11,#FFDD00
XG881,67,Sta. María de Vigo-Teatro Colón,A6,#009846
XG881,68,Tarrio-Teatro Colón,A9,#009846
XG881,69,A Patiña-Cambre-Teatro Colón,A2,#008DD2
XG881,70,Lema-Cambre-A Barcala-Teatro Colón,A3,#008DD2
XG881,71,Sta. María de Vigo-Hospital Abente y Lago,B16,#009846
XG881,72,Sada hotel Sada Palace-Hospital Abente y Lago,B7,#E31E23
XG881,73,A Patiña II-Cambre-Hospital Abente y Lago,B2,#008DD2
XG881,74,Carral Panteon-Teatro Colón,A7,#009846
XG881,75,Parque Acuático Cerceda-Teatro Colón,C2,#009846
XG881,76,Os Campons-A Patiña-Cambre-A Barcala-Univers. Laboral-Teatro Colón,A1,#008DD2
XG881,77,UDC-Aeroporto de A Coruña-Sada hotel Sada Palace (por Polígonos),D6,#2B2A29
XG881,78,Teatro Colón-Carral Panteón-Cañás,A10,#009846
XG881,79,Cañás-Carral Panteón-Teatro Colón,A10,#009846
XG881,80,Teatro Colón-Oleiros (Concello)-Polígono de Iñás-IES Miraflores,B20,#E31E23
XG881,81,Teatro Colón - Praias - Oleiros,EP,#E31E23
XG881,82,Oleiros - Praias - Teatro Colón,EP,#E31E23
XG881,83,A Barcala-A Barcala (circular por O Burgo),EP,#008DD2
XG881,84,Tarrío-Celas-Peiro-Orro-Teatro Colón,B22,#009846
XG881,85,Teatro Colón-Orro-Peiro-Celas-Tarrío,B23,#009846
XG881,86,Peiro Canteiro-Ledoño-Teatro Colón,B19,#009846
XG881,87,Teatro Colón-Celas-Peiro Canteiro,B21,#009846
XG881,88,Peiro Canteiro-Celas-Teatro Colón,B21,#009846
XG881,89,Teatro Colón-Ledoño-Peiro Canteiro,B19,#009846
XG881,91,Cambre: Cambre-Anceis-Andeiro,175,#FFC000
XG881,92,Cambre: Cambre-Espíritu Santo (polígono),176,#ED7D31
XG881,93,Cambre: Cambre-Cruce Meixigo-San Lourenzo,177,#CA855E
XG881,94,Culleredo: O Burgo Edificio usos múltiples-Peiro Canteiro,190,#F0C6DB
XG881,95,Cambre: Andeiro-Altamira-Cambre,175,#FFC000
XG881,96,Cambre: Espíritu Santo (polígono)-Cambre,176,#ED7D31
XG881,97,Cambre: San Lourenzo-Cruce Meixigo-Cambre,177,#CA855E
XG881,98,Cambre: Cambre-Mota-Espíritu Santo (polígono)-Cambre,176,#ED7D31
XG881,100,Aeroporto de A Coruña-Concello de Sada (por Polígonos),D5,#2B2A29
XG881,101,Praza Galicia-Teatro Colón,B1,#008DD2
XG881,102,A Barcala-Univers. Laboral.-Teatro Colón,A1,#008DD2
XG881,103,A Patiña-Cambre-A Barcala-Univers. Laboral-Teatro Colón,A1,#008DD2
XG881,104,Sada hotel Sada Palace-Aeroporto de A Coruña (por Polígonos),D5,#2B2A29
XG881,105,Vilaboa Igrexa-Teatro Colón,SE,#3FC8EB
XG881,106,Puente de O Burgo-Teatro Colón,SE,#3FC8EB
XG881,107,Teatro Colón-Puente de O Burgo,SE,#3FC8EB
XG881,108,Teatro Colón-Parque Acuático Cerceda,SE,#3FC8EB
XG881,109,Parque Acuático Cerceda-Cerceda,SE,#3FC8EB
XG881,110,Oleiros (Concello)-Mera Nai Pai,SE,#3FC8EB
XG881,111,Couto Lorbé-Teatro Colón,SE,#3FC8EB
XG881,112,Cambre Pueblo-Teatro Colón,SE,#3FC8EB
XG881,113,Gasolinera Santa Cruz-Teatro Colón,SE,#3FC8EB
XG881,114,Lucín-Teatro Colón,SE,#3FC8EB
XG881,117,Mondego cruce Mosteirón - Sada hotel Sada Palace,SE,#3FC8EB
XG881,118,Mondego cruce Mosteirón - Teatro Colón,SE,#3FC8EB
XG881,119,Teatro Colón-A Silva (por Parque acuático Cerceda),C1,#009846
XG881,120,Concello de Sada - Lorbé,D10,#2B2A29
XG881,121,Lorbé - Concello de Sada,D10,#2B2A29
XG881,122,Concello de Sada-Carnoedo-Teatro Colón (por Rialta),B14,#FFDD00
XG881,123,Univers. Laboral-A Cabana-Os Campons-Carral Panteon-Tabeaio,D1,#008DD2
XG881,124,Teatro Colón-Santa Cruz-Rialta-Mera,B9,#FFDD00
XG881,125,Mera-Rialta-Santa Cruz-Teatro Colón,B9,#FFDD00
XG881,126,Teatro Colón-A Ponte Lago-Teatro Colón,A5,#009846
XG642,1,Mercado de San Xulián - Cooperativa O Val,L1,#008DD2
XG642,2,Mercado de San Xulián - A Graña,L2,#F6AD71
XG642,3,Mercado de San Xulián - San Felipe,L3,#E00F80
XG642,4,Mercado de San Xulián - Circular,L4,#C2A249
XG642,5,Hospital Novoa Santos - Mougá Escolar,L5,#54AF3A
XG642,6,San Pablo - Hospital Novoa Santos,L6,#F08365
XG642,7,Cemiterio - A Pedreira,L7,#97A59A
XG642,8,Praza de España - Claudina,L8,#D19563
XG642,9,CEIP San Xoán de Filgueira - San Pedro de Leixa,L9,#F5B2B6
XG642,10,Valón (Estrada) - San Felipe,L10,#714684
XG642,11,Cemiterio - Mougá,L11,#F7A707
XG642,12,CEIP de Pazos - O Cruce,L12,#2B2A29
XG642,13,Cee Terra de Ferrol - Canido,L13,#E5097F
XG642,14,Valón (estrada) - Claudina,L14,#1C427F
XG642,15,Valón (pobo) - Praza da Graña,L15,#9F2037
XG642,16,Canido - Canido,L16,#D12023
XG642,17,Mercado de San Xulián - Cooperativa O Val,L1,#008DD2
XG642,19,Canido - Canido,L16,#D12023
XG642,20,Porto - O Puntal,A,#FECC00
XG642,21,Porto - Hospital Novoa Santos,B,#E31E24
XG642,22,Hospital Novoa Santos - Porto,B,#E31E24
XG642,23,Canido - Hospital Novoa Santos,D,#00A0E3
XG642,24,Hospital Novoa Santos - Canido,D,#00A0E3
XG642,27,Canido - Praza da Graña,F,#009846
XG642,28,Praza da Graña - Canido,F,#009846
XG642,29,Praza da Graña - Couto,E-F,#8F411C
XG642,30,Praza de Galicia - Couto,E,#798388
XG642,31,Couto - Praza de Galicia,E,#798388
XG642,32,Praza Vella - Caranza,C,#C19FC1
XG642,33,Caranza - Praza Vella,C,#C19FC1
XG642,34,Porto - Hospital Naval,B,#E31E24
XG642,35,Hospital Naval - Porto,B,#E31E24
XG642,36,Canido - Hospital Naval,D,#00A0E3
XG642,37,Hospital Naval - Canido,D,#00A0E3
XG642,40,Porto - O Puntal (Navantia),A,#FECC00
XG642,41,Caranza - Canido,D,#00A0E3
XG642,42,Hospital Novoa Santos - Porto (Navantia),B,#E31E24
XG642,43,Ferrol - Praias,P,#B0CB1F
XG642,44,Nachiños Fest,SE,#3FC8EB
XG642,45,Serv. especial festas Ferrol,SE,#3FC8EB
XG642,48,Serv. especial festas Gándara,SE,#3FC8EB
XG642,49,Narón - Ferrol - A Malata,RF1,#3FC8EB
XG642,50,Caranza - Ferrol - A Malata,RF2,#3FC8EB
XG642,51,Equiocio Ferrol,SE,#3FC8EB
XG642,52,Circular Ensanche,G,#ad488c
XG642,53,Cooperativa O Val - Mercado de San Xulián,L1,#008DD2
XG642,54,Cooperativa O Val - Mercado de San Xulián,L1,#008DD2